{
  "bot_states": [
    {
      "ID": 0,
      "direction": -6.5058910530280611,
      "state": {},
      "x_position": 203.63730311154671,
      "y_position": 206.50128122779077
    }
  ],
  "ticks": 2629
}