{
  "bot_states": [
    {
      "ID": 0,
      "direction": 5.7269688373804088,
      "state": {},
      "x_position": 36.053018924909047,
      "y_position": 7.4895537075976648
    },
  ],
  "ticks": 7292
}
